{"model": "ResNet50", "test_accuracy": 0.8571428571428571, "auc": 0.9237689393939393, "test_probs": [0.04775337874889374, 0.045719824731349945, 0.0029034654144197702, 0.6268245577812195, 0.3198782801628113, 0.46737316250801086, 0.040526263415813446, 0.3277035355567932, 0.8721762895584106, 0.006088188849389553, 0.22633644938468933, 0.35536447167396545, 0.7337069511413574, 0.02696453407406807, 0.7100052833557129, 0.07326769083738327, 0.49849197268486023, 0.43596741557121277, 0.2520274817943573, 0.014810045249760151, 0.8882849812507629, 0.815808117389679, 0.43526846170425415, 0.8368027806282043, 0.9896201491355896, 0.059497635811567307, 0.413662850856781, 0.985968828201294, 0.07978453487157822, 0.00727881258353591, 0.21948377788066864, 0.03182601556181908, 0.4537186026573181, 0.15342700481414795, 0.025134557858109474, 0.9338228106498718, 0.5538337230682373, 0.015406877733767033, 0.10473252087831497, 0.0200762040913105, 0.7604906558990479, 0.18061022460460663, 0.1900934875011444, 0.05545531585812569, 0.9229459762573242, 0.8609755635261536, 0.023842841386795044, 0.2832496762275696, 0.2050550878047943, 0.13247084617614746, 0.9441900253295898, 0.08410286158323288, 0.2700958251953125, 0.2453378587961197, 0.9811367392539978, 0.7065449357032776, 0.759035587310791, 0.9450415968894958, 0.8208966851234436, 0.9548688530921936, 0.9941225647926331, 0.27430662512779236, 0.020755333825945854, 0.002337294165045023, 0.37105679512023926, 0.42786964774131775, 0.18344397842884064, 0.01834474317729473, 0.9825853109359741, 0.8068174123764038, 0.0947742834687233, 0.996625542640686, 0.06407355517148972, 0.0020800032652914524, 0.014102635905146599, 0.5114474892616272, 0.20732200145721436, 0.004263252019882202, 0.8891735076904297, 0.83994060754776, 0.9792549014091492, 0.05538462474942207, 0.003573423018679023, 0.5072882175445557, 0.047805946320295334, 0.13852082192897797, 0.00910391379147768, 0.11574424058198929, 0.03719114512205124, 0.015462979674339294, 0.40800079703330994, 0.8285316824913025, 0.02811167947947979, 0.03600519523024559, 0.9766275882720947, 0.2651951313018799, 0.0467536635696888, 0.021944785490632057], "test_labels": [0, 0, 0, 0, 0, 0, 0, 0, 1, 0, 0, 0, 1, 0, 0, 0, 0, 0, 0, 0, 0, 1, 0, 1, 1, 0, 1, 1, 0, 0, 0, 0, 0, 0, 0, 1, 1, 0, 0, 0, 0, 0, 0, 0, 1, 1, 0, 0, 1, 0, 1, 0, 0, 1, 1, 1, 0, 1, 0, 1, 1, 0, 0, 0, 1, 0, 0, 0, 1, 1, 0, 1, 0, 0, 0, 0, 0, 0, 1, 1, 1, 0, 0, 1, 0, 0, 0, 1, 0, 0, 1, 1, 0, 0, 1, 1, 0, 0], "test_preds": [0, 0, 0, 1, 0, 0, 0, 0, 1, 0, 0, 0, 1, 0, 1, 0, 0, 0, 0, 0, 1, 1, 0, 1, 1, 0, 0, 1, 0, 0, 0, 0, 0, 0, 0, 1, 1, 0, 0, 0, 1, 0, 0, 0, 1, 1, 0, 0, 0, 0, 1, 0, 0, 0, 1, 1, 1, 1, 1, 1, 1, 0, 0, 0, 0, 0, 0, 0, 1, 1, 0, 1, 0, 0, 0, 1, 0, 0, 1, 1, 1, 0, 0, 1, 0, 0, 0, 0, 0, 0, 0, 1, 0, 0, 1, 0, 0, 0]}