{"model": "XGBoost", "test_accuracy": 0.8877551020408163, "auc": 0.9668560606060606, "test_probs": [0.01086321473121643, 0.010261354967951775, 0.016664259135723114, 0.0075515457428991795, 0.007927021943032742, 0.007963494397699833, 0.009625434875488281, 0.49826326966285706, 0.9738337993621826, 0.009515422396361828, 0.0060521503910422325, 0.012924505397677422, 0.2118959128856659, 0.004894689191132784, 0.010245106182992458, 0.01524759829044342, 0.009140495210886002, 0.008124720305204391, 0.00503528444096446, 0.0080801360309124, 0.006063513923436403, 0.9733707904815674, 0.8419063687324524, 0.9825631976127625, 0.972461462020874, 0.005893990397453308, 0.9091449975967407, 0.9491457343101501, 0.010978779755532742, 0.008676826022565365, 0.015545296482741833, 0.0076370625756680965, 0.008641710504889488, 0.4510279893875122, 0.011644347570836544, 0.9743524193763733, 0.9077489376068115, 0.014135671779513359, 0.37277713418006897, 0.0068681868724524975, 0.16496074199676514, 0.010677032172679901, 0.007692695129662752, 0.13145388662815094, 0.9816068410873413, 0.93072110414505, 0.013509989716112614, 0.012728183530271053, 0.9677079319953918, 0.008964985609054565, 0.9609326720237732, 0.008786718361079693, 0.8284652233123779, 0.8785384893417358, 0.7677974104881287, 0.9814148545265198, 0.010187813080847263, 0.8883041739463806, 0.01128771249204874, 0.8918323516845703, 0.6855334639549255, 0.30878233909606934, 0.007982642389833927, 0.012941421940922737, 0.9830397963523865, 0.00835256278514862, 0.8169721364974976, 0.01685534231364727, 0.7419222593307495, 0.978298008441925, 0.7218155860900879, 0.5103936791419983, 0.013028433546423912, 0.5688855051994324, 0.5866878032684326, 0.010684570297598839, 0.017873480916023254, 0.010424750857055187, 0.9692243933677673, 0.9661771655082703, 0.9711574912071228, 0.9067710638046265, 0.014605763368308544, 0.35832086205482483, 0.019869621843099594, 0.011752849444746971, 0.006256120279431343, 0.8140251636505127, 0.010050262324512005, 0.009298427030444145, 0.880470335483551, 0.9510359764099121, 0.016074560582637787, 0.7566620707511902, 0.32486191391944885, 0.7335411310195923, 0.007737972307950258, 0.00868312455713749], "test_labels": [0, 0, 0, 0, 0, 0, 0, 0, 1, 0, 0, 0, 1, 0, 0, 0, 0, 0, 0, 0, 0, 1, 0, 1, 1, 0, 1, 1, 0, 0, 0, 0, 0, 0, 0, 1, 1, 0, 0, 0, 0, 0, 0, 0, 1, 1, 0, 0, 1, 0, 1, 0, 0, 1, 1, 1, 0, 1, 0, 1, 1, 0, 0, 0, 1, 0, 0, 0, 1, 1, 0, 1, 0, 0, 0, 0, 0, 0, 1, 1, 1, 0, 0, 1, 0, 0, 0, 1, 0, 0, 1, 1, 0, 0, 1, 1, 0, 0], "test_preds": [0, 0, 0, 0, 0, 0, 0, 0, 1, 0, 0, 0, 0, 0, 0, 0, 0, 0, 0, 0, 0, 1, 1, 1, 1, 0, 1, 1, 0, 0, 0, 0, 0, 0, 0, 1, 1, 0, 0, 0, 0, 0, 0, 0, 1, 1, 0, 0, 1, 0, 1, 0, 1, 1, 1, 1, 0, 1, 0, 1, 1, 0, 0, 0, 1, 0, 1, 0, 1, 1, 1, 1, 0, 1, 1, 0, 0, 0, 1, 1, 1, 1, 0, 0, 0, 0, 0, 1, 0, 0, 1, 1, 0, 1, 0, 1, 0, 0]}